,Correct_Univ_1(my.harvard),Correct_Univ_2(my.harvard),Tested_Univ(madris),Best_Rating,,Correct_Univ_1(my.harvard),Correct_Univ_2(my.harvard),Tested_Univ(madris),Best_Rating,,Correct_Univ_1(my.harvard),Correct_Univ_2(my.harvard),Tested_Univ(madris),Best_Rating,,Correct_Univ_1(my.harvard),Correct_Univ_2(my.harvard),Tested_Univ(madris),Best_Rating
2,"('HARVARDDIVINITYSCHOOL', 100)","('CITYSCHOOL', 81)",HARVARDDIVINITYSCHOOL,100,83,"('ABIASTATEUNIVERSITY', 100)","('ALBANYSTATEUNIVERSITY', 90)",ABIASTATEUNIVERSITY,100,83,"('ABIASTATEUNIVERSITY', 100)","('ALBANYSTATEUNIVERSITY', 90)",ABIASTATEUNIVERSITY,100,61,"('SIMONFRASERUNIVERSITY', 100)","('ASE', 90)",SIMONFRASERUNIVERSITY,100
45,"('SANTAMONICACOLLEGE', 100)","('SANTAMONICACOLLEGE', 100)",SANTAMONICACOLLEGE,100,75,"('SIMONFRASERUNIVERSITY', 100)","('ASE', 90)",SIMONFRASERUNIVERSITY,100,23,"('PARACELSUSMEDICALUNIVERSITY', 100)","('ACHMEDICALUNIVERSITY', 81)",PARACELSUSMEDICALUNIVERSITY,100,1,"('HARVARDDIVINITYSCHOOL', 100)","('CITYSCHOOL', 81)",HARVARDDIVINITYSCHOOL,100
61,"('UNIVERSITYCOLLEGELONDON', 100)","('UNIVERSITYCOLLEGELONDON', 100)",UNIVERSITYCOLLEGELONDON,100,47,"('DEPAULUNIVERSITY', 100)","('DEPAULUNIVERSITY', 100)",DEPAULUNIVERSITY,100,64,"('UNIVERSITYOFGREATFALLS', 100)","('UNIVERSITYOFGRAZ', 79)",UNIVERSITYOFGREATFALLS,100,50,"('UNIVERSITYOFGREATFALLS', 100)","('UNIVERSITYOFGRAZ', 79)",UNIVERSITYOFGREATFALLS,100
63,"('CERRITOSCOLLEGE', 100)","('MERRITTCOLLEGE', 83)",CERRITOSCOLLEGE,100,23,"('PARACELSUSMEDICALUNIVERSITY', 100)","('ACHMEDICALUNIVERSITY', 81)",PARACELSUSMEDICALUNIVERSITY,100,54,"('SETONHALLUNIVERSITY', 100)","('SETONHILLUNIVERSITY', 95)",SETONHALLUNIVERSITY,100,17,"('PARACELSUSMEDICALUNIVERSITY', 100)","('ACHMEDICALUNIVERSITY', 81)",PARACELSUSMEDICALUNIVERSITY,100
11,"('DRAKEUNIVERSITY', 100)","('DREWUNIVERSITY', 90)",DRAKEUNIVERSITY,100,90,"('MURRAYSTATEUNIVERSITY', 100)","('MORGANSTATEUNIVERSITY', 86)",MURRAYSTATEUNIVERSITY,100,72,"('SIMMONSCOLLEGE', 100)","('IONACOLLEGE', 80)",SIMMONSCOLLEGE,100,68,"('TRINITYCOLLEGE', 100)","('TRINITYCOLLEGEFL', 93)",TRINITYCOLLEGE,100
12,"('GRINNELLCOLLEGE', 100)","('CORNELLCOLLEGE', 83)",GRINNELLCOLLEGE,100,25,"('UNIVERSITYOFCOLOGNE', 100)","('UNIVERSITYOFBOLOGNA', 89)",UNIVERSITYOFCOLOGNE,100,47,"('DEPAULUNIVERSITY', 100)","('DEPAULUNIVERSITY', 100)",DEPAULUNIVERSITY,100,58,"('SIMMONSCOLLEGE', 100)","('IONACOLLEGE', 80)",SIMMONSCOLLEGE,100
13,"('TERNAMEDICALCOLLEGE', 100)","('GRANTMEDICALCOLLEGE', 84)",TERNAMEDICALCOLLEGE,100,61,"('UNIVERSITYCOLLEGELONDON', 100)","('UNIVERSITYCOLLEGELONDON', 100)",UNIVERSITYCOLLEGELONDON,100,75,"('SIMONFRASERUNIVERSITY', 100)","('ASE', 90)",SIMONFRASERUNIVERSITY,100,67,"('ABIASTATEUNIVERSITY', 100)","('ALBANYSTATEUNIVERSITY', 90)",ABIASTATEUNIVERSITY,100
29,"('SAINTJOHNSCOLLEGE', 100)","('SAINTJOHNSCOLLEGE', 100)",SAINTJOHNSCOLLEGE,100,13,"('TERNAMEDICALCOLLEGE', 100)","('GRANTMEDICALCOLLEGE', 84)",TERNAMEDICALCOLLEGE,100,76,"('SKIDMORECOLLEGE', 100)","('KILGORECOLLEGE', 83)",SKIDMORECOLLEGE,100,73,"('MURRAYSTATEUNIVERSITY', 100)","('MORGANSTATEUNIVERSITY', 86)",MURRAYSTATEUNIVERSITY,100
70,"('POZNANUNIVOFMEDCALSCIENCES', 98)","('IRANUNIVMEDICALSCIENCES', 84)",POZNANUNIVOFMEDICALSCIENCES,98,12,"('GRINNELLCOLLEGE', 100)","('CORNELLCOLLEGE', 83)",GRINNELLCOLLEGE,100,77,"('SMITHCOLLEGE', 100)","('PHILANDERSMITHCOLLEGE', 90)",SMITHCOLLEGE,100,36,"('DEPAULUNIVERSITY', 100)","('DEPAULUNIVERSITY', 100)",DEPAULUNIVERSITY,100
97,"('TUFTSUNIVSCHLOFMEDICINE', 96)","('TUFTSUNIVSCHDENTALMEDICINE', 82)",TUFTSUNIVSCHOOLOFMEDICINE,96,11,"('DRAKEUNIVERSITY', 100)","('DREWUNIVERSITY', 90)",DRAKEUNIVERSITY,100,84,"('TRINITYCOLLEGE', 100)","('TRINITYCOLLEGEFL', 93)",TRINITYCOLLEGE,100,10,"('DRAKEUNIVERSITY', 100)","('DREWUNIVERSITY', 90)",DRAKEUNIVERSITY,100
87,"('PEKINGUNIVHEALTHSCIENCESCT', 96)","('AMERICANUNIVHEALTHSCIENCES', 77)",PEKINGUNIVHEALTHSCIENCECTR,96,63,"('CERRITOSCOLLEGE', 100)","('MERRITTCOLLEGE', 83)",CERRITOSCOLLEGE,100,25,"('UNIVERSITYOFCOLOGNE', 100)","('UNIVERSITYOFBOLOGNA', 89)",UNIVERSITYOFCOLOGNE,100,63,"('SMITHCOLLEGE', 100)","('PHILANDERSMITHCOLLEGE', 90)",SMITHCOLLEGE,100
62,"('UNIVCENTRALFLORIDA', 95)","('COLLEGEOFCENTRALFLORIDA', 74)",UNIVOFCENTRALFLORIDA,95,64,"('UNIVERSITYOFGREATFALLS', 100)","('UNIVERSITYOFGRAZ', 79)",UNIVERSITYOFGREATFALLS,100,90,"('MURRAYSTATEUNIVERSITY', 100)","('MORGANSTATEUNIVERSITY', 86)",MURRAYSTATEUNIVERSITY,100,53,"('SIENACOLLEGE', 100)","('SIERRACOLLEGE', 88)",SIENACOLLEGE,100
7,"('OREGONHEALTHANDSCIENCEUNIV', 92)","('OREGONHLTHSCIUNIVMEDSCH', 72)",OREGONHEALTH&SCIENCEUNIV,92,8,"('ANKARAUNIVERSITY', 100)","('SAKARYAUNIVERSITY', 91)",ANKARAUNIVERSITY,100,67,"('SIENACOLLEGE', 100)","('SIERRACOLLEGE', 88)",SIENACOLLEGE,100,7,"('ANKARAUNIVERSITY', 100)","('SAKARYAUNIVERSITY', 91)",ANKARAUNIVERSITY,100
92,"('KWAMENKRUMAHUNIVOFSCITECH', 91)","('KWAMENKRUMAHUNIVERSITYOFSCIENCEANDTECHNOLOGY', 78)",KWAMENKRUMAHUNIVOFSCIENCE&TECH,91,98,"('SEATTLEPACIFICUNIVERSITY', 100)","('AZUSAPACIFICUNIVERSITY', 83)",SEATTLEPACIFICUNIVERSITY,100,11,"('DRAKEUNIVERSITY', 100)","('DREWUNIVERSITY', 90)",DRAKEUNIVERSITY,100,81,"('SEATTLEPACIFICUNIVERSITY', 100)","('AZUSAPACIFICUNIVERSITY', 83)",SEATTLEPACIFICUNIVERSITY,100
32,"('BJMEDICALCOLLEGE', 91)","('NRSMEDICALCOLLEGE', 88)",JSSMEDICALCOLLEGE,91,45,"('SANTAMONICACOLLEGE', 100)","('SANTAMONICACOLLEGE', 100)",SANTAMONICACOLLEGE,100,3,"('SANTACLARAUNIVERSITY', 100)","('AIRUNIVERSITY', 83)",SANTACLARAUNIVERSITY,100,42,"('SETONHALLUNIVERSITY', 100)","('SETONHILLUNIVERSITY', 95)",SETONHALLUNIVERSITY,100
0,"('UNIVERSITYOFKARACHI', 90)","('LEEUNIVERSITY', 83)",BAQAIMEDICALCOLLEGEUNIVERSITYOFKARACHI,90,5,"('KINGABDULAZIZUNIVERSITY', 100)","('KINGABDULAZIZUNIVERSITY', 100)",KINGABDULAZIZUNIVERSITY,100,8,"('ANKARAUNIVERSITY', 100)","('SAKARYAUNIVERSITY', 91)",ANKARAUNIVERSITY,100,4,"('KINGABDULAZIZUNIVERSITY', 100)","('KINGABDULAZIZUNIVERSITY', 100)",KINGABDULAZIZUNIVERSITY,100
75,"('ASE', 90)","('SIMONFRASERUNIVERSITY', 83)",SIMONFRASERUNIV,90,29,"('SAINTJOHNSCOLLEGE', 100)","('SAINTJOHNSCOLLEGE', 100)",SAINTJOHNSCOLLEGE,100,98,"('SEATTLEPACIFICUNIVERSITY', 100)","('AZUSAPACIFICUNIVERSITY', 83)",SEATTLEPACIFICUNIVERSITY,100,62,"('SKIDMORECOLLEGE', 100)","('KILGORECOLLEGE', 83)",SKIDMORECOLLEGE,100
54,"('SETONHALLUNIVUPWRDBOUND', 90)","('SETONHALLUNIVERSITY', 81)",SETONHALLUNIV,90,3,"('SANTACLARAUNIVERSITY', 100)","('AIRUNIVERSITY', 83)",SANTACLARAUNIVERSITY,100,2,"('HARVARDDIVINITYSCHOOL', 100)","('CITYSCHOOL', 81)",HARVARDDIVINITYSCHOOL,100,2,"('SANTACLARAUNIVERSITY', 100)","('AIRUNIVERSITY', 83)",SANTACLARAUNIVERSITY,100
77,"('HOBARTWILLIAMSMITHCOLL', 90)","('MCNALLYSMITHCOLLOFMUSIC', 90)",SMITHCOLL,90,2,"('HARVARDDIVINITYSCHOOL', 100)","('CITYSCHOOL', 81)",HARVARDDIVINITYSCHOOL,100,5,"('KINGABDULAZIZUNIVERSITY', 100)","('KINGABDULAZIZUNIVERSITY', 100)",KINGABDULAZIZUNIVERSITY,100,19,"('UNIVERSITYOFCOLOGNE', 100)","('UNIVERSITYOFBOLOGNA', 89)",UNIVERSITYOFCOLOGNE,100
84,"('TRINITYCOLLEGIATESCHOOL', 90)","('TRINITYCOLLEGEGAWLER', 90)",TRINITYCOLL,90,54,"('SETONHALLUNIVERSITY', 100)","('SETONHILLUNIVERSITY', 95)",SETONHALLUNIVERSITY,100,61,"('UNIVERSITYCOLLEGELONDON', 94)","('UNIVERSITYCOLLEGELONDON', 94)",UNIVERSITYCOLLEGEEGELONDON,94,28,"('HANYANGUNIVERSITY', 90)","('ANYANGUNIVERSITY', 90)",HANYANGUNIVERSITYCOLLEGEOFMEDICINE,90
96,"('NANJINGTECHUNIVERSITY', 90)","('PASCOHERNANDOCMTYCOLL', 90)",nan,90,32,"('BJMEDICALCOLLEGE', 91)","('NRSMEDICALCOLLEGE', 88)",JSSMEDICALCOLLEGE,91,13,"('TERNAMEDICALCOLLEGE', 93)","('GRANTMEDICALCOLLEGE', 78)",TERNAMEDICALCOLLEGEEGE,93,29,"('UNIVERSITYOFEASTANGLIA', 90)","('UNIVERSITYOFPECS', 79)",UNIVERSITYOFEASTANGLIAFACULTYOFMEDICINE,90
41,"('UNIVERSIDADMAYOR', 90)","('UNIVERSIDADMAYORSANANDREAS', 83)",UNIVERSIDADMAYORDESANANDRESFACULTYOFMEDICINE,90,51,"('NATIONALCHENGKUNGUNIVERSITY', 90)","('KINGUNIVERSITY', 84)",NATIONALCHENGKUNGUNIVERSITYCOLLEGEOFMEDICINE,90,29,"('SAINTJOHNSCOLLEGE', 92)","('SAINTJOHNSCOLLEGE', 92)",SAINTJOHNSCOLLEGEEGE,92,45,"('UNIVERSITYSCHOOL', 90)","('UNIVERSITYSCHOOL', 90)",SHANGHAIJIAOTONGUNIVERSITYSCHOOLOFMED,90
8,"('ANKARAUNIVERSITY', 90)","('SAKARYAUNIVERSITY', 81)",ANKARAUNIV,90,55,"('UNIVERSITYSCHOOL', 90)","('UNIVERSITYSCHOOL', 90)",TOKAIUNIVERSITYSCHOOLOFMEDICINE,90,45,"('SANTAMONICACOLLEGE', 92)","('SANTAMONICACOLLEGE', 92)",SANTAMONICACOLLEGEEGE,92,32,"('UNIVERSIDADMAYOR', 90)","('UNIVERSIDADMAYORSANANDREAS', 83)",UNIVERSIDADMAYORDESANANDRESFACULTYOFMEDICINE,90
6,"('UNIVOFLONDON', 90)","('HOPE', 68)",GUYSHOSPITALUNIVOFLONDON,90,56,"('UNIVERSITYOFDAMMAM', 90)","('UNIVERSITYOFTAMPA', 79)",UNIVERSITYOFDAMMAMFACULTYOFMEDICINE,90,12,"('GRINNELLCOLLEGE', 91)","('CORNELLCOLLEGE', 75)",GRINNELLCOLLEGEEGE,91,69,"('UNIVERSITYSCHOOL', 90)","('UNIVERSITYSCHOOL', 90)",AKDENIZUNIVERSITYSCHOOLOFMEDICINE,90
47,"('DEPAULUNIVERSITY', 90)","('DEPAULUNIVERSITY', 90)",DEPAULUNIV,90,84,"('TRINITYCOLLEGIATESCHOOL', 90)","('TRINITYCOLLEGEGAWLER', 90)",TRINITYCOLL,90,63,"('CERRITOSCOLLEGE', 91)","('MERRITTCOLLEGE', 75)",CERRITOSCOLLEGEEGE,91,43,"('UNIVERSITYSCHOOL', 90)","('UNIVERSITYSCHOOL', 90)",TOKAIUNIVERSITYSCHOOLOFMEDICINE,90
76,"('SKIDMORECOLLEGE', 89)","('KILGORECOLLEGE', 69)",SKIDMORECOLL,89,60,"('UNIVERSITYSCHOOL', 90)","('UNIVERSITYSCHOOL', 90)",DANKOOKUNIVERSITYSCHOOLOFMEDICINE,90,57,"('UNIVERSITYSCHOOL', 90)","('UNIVERSITYSCHOOL', 90)",SHANGHAIJIAOTONGUNIVERSITYSCHOOLOFMED,90,44,"('UNIVERSITYOFDAMMAM', 90)","('UNIVERSITYOFTAMPA', 79)",UNIVERSITYOFDAMMAMFACULTYOFMEDICINE,90
37,"('GOAMEDICALCOLLEGE', 88)","('DOWMEDICALCOLLEGE', 88)",WAHMEDICALCOLLEGE,88,65,"('UMMALQURAUNIVERSITY', 90)","('AURORAUNIVERSITY', 79)",UMMALQURAUNIVERSITYFACULTYOFMEDICINE,90,56,"('UNIVERSITYOFDAMMAM', 90)","('UNIVERSITYOFTAMPA', 79)",UNIVERSITYOFDAMMAMFACULTYOFMEDICINE,90,77,"('UNIVERSITYSCHOOL', 90)","('UNIVERSITYSCHOOL', 90)",LEBANESEAMERICANUNIVERSITYSCHOOLOFMEDICINE,90
72,"('SIMMONSCOLLEGE', 88)","('SIMMONSHIGHSCHOOL', 71)",SIMMONSCOLL,88,77,"('HOBARTWILLIAMSMITHCOLL', 90)","('MCNALLYSMITHCOLLOFMUSIC', 90)",SMITHCOLL,90,36,"('HANYANGUNIVERSITY', 90)","('ANYANGUNIVERSITY', 90)",HANYANGUNIVERSITYCOLLEGEOFMEDICINE,90,70,"('KINGUNIVERSITY', 90)","('PEKINGUNIVERSITY', 90)",PEKINGUNIVERSITYHEALTHSCIENCECTR,90
82,"('NEPALMEDICALCOLLEGE', 88)","('TERNAMEDICALCOLLEGE', 83)",YENEPOYAMEDICALCOLLEGE,88,41,"('UNIVERSIDADMAYOR', 90)","('UNIVERSIDADMAYORSANANDREAS', 83)",UNIVERSIDADMAYORDESANANDRESFACULTYOFMEDICINE,90,55,"('UNIVERSITYSCHOOL', 90)","('UNIVERSITYSCHOOL', 90)",TOKAIUNIVERSITYSCHOOLOFMEDICINE,90,71,"('CHARLESUNIVERSITY', 90)","('LEEUNIVERSITY', 83)",THIRDFACULTYOFMEDICINECHARLESUNIVERSITY,90
55,"('JIKEIUNIVSCHOOLOFMEDICINE', 88)","('BOSTONUNIVSCHOOLOFMEDICINE', 86)",TOKAIUNIVSCHOOLOFMEDICINE,88,66,"('UNIVERSITYOFLIMERICK', 90)","('UNIVERSITYOFLIMA', 85)",UNIVERSITYOFLIMERICKMEDICALSCHOOL,90,60,"('UNIVERSITYSCHOOL', 90)","('UNIVERSITYSCHOOL', 90)",DANKOOKUNIVERSITYSCHOOLOFMEDICINE,90,48,"('UNIVERSITYSCHOOL', 90)","('UNIVERSITYSCHOOL', 90)",DANKOOKUNIVERSITYSCHOOLOFMEDICINE,90
9,"('HARVARDGRADUATESCHOOLDESIGN', 88)","('ISCHOOL', 77)",HARVARDGRADSCHOOLOFDESIGN,88,38,"('UNIVERSITYOFEASTANGLIA', 90)","('UNIVERSITYOFPECS', 79)",UNIVERSITYOFEASTANGLIAFACULTYOFMEDICINE,90,51,"('NATIONALCHENGKUNGUNIVERSITY', 90)","('KINGUNIVERSITY', 84)",NATIONALCHENGKUNGUNIVERSITYCOLLEGEOFMEDICINE,90,78,"('CENTRALMICHIGANUNIVERSITY', 90)","('GOAUNIVERSITY', 83)",CENTRALMICHIGANUNIVERSITYCOLLEGEOFMEDICINE,90
23,"('PARACELSUSMEDICALUNIVERSITY', 88)","('BSNMEDICAL', 72)",PARACELSUSMEDICALUNIV,88,36,"('HANYANGUNIVERSITY', 90)","('ANYANGUNIVERSITY', 90)",HANYANGUNIVERSITYCOLLEGEOFMEDICINE,90,65,"('UMMALQURAUNIVERSITY', 90)","('AURORAUNIVERSITY', 79)",UMMALQURAUNIVERSITYFACULTYOFMEDICINE,90,79,"('NANJINGTECHUNIVERSITY', 90)","('PASCOHERNANDOCMTYCOLL', 90)",nan,90
85,"('JIKEIUNIVSCHOOLOFMEDICINE', 88)","('JINANUNIVSCHLOFMEDICINE', 80)",AKDENIZUNIVSCHOOLOFMEDICINE,88,57,"('UNIVERSITYSCHOOL', 90)","('UNIVERSITYSCHOOL', 90)",SHANGHAIJIAOTONGUNIVERSITYSCHOOLOFMED,90,66,"('UNIVERSITYOFLIMERICK', 90)","('UNIVERSITYOFLIMA', 85)",UNIVERSITYOFLIMERICKMEDICALSCHOOL,90,15,"('UNIVERSITYSCHOOL', 90)","('UNIVERSITYSCHOOL', 90)",RYUKYUSUNIVERSITYSCHOOLOFMEDICINE,90
17,"('JIKEIUNIVSCHOOLOFMEDICINE', 88)","('JINANUNIVSCHLOFMEDICINE', 83)",EULJIUNIVSCHOOLOFMEDICINE,88,0,"('UNIVERSITYOFKARACHI', 90)","('LEEUNIVERSITY', 83)",BAQAIMEDICALCOLLEGEUNIVERSITYOFKARACHI,90,41,"('UNIVERSIDADMAYOR', 90)","('UNIVERSIDADMAYORSANANDREAS', 83)",UNIVERSIDADMAYORDESANANDRESFACULTYOFMEDICINE,90,51,"('UMMALQURAUNIVERSITY', 90)","('AURORAUNIVERSITY', 79)",UMMALQURAUNIVERSITYFACULTYOFMEDICINE,90
35,"('UNIVDESANMARTINDEPORRES', 86)","('UNIVERSIDADDESANANDRES', 80)",UNIVERSIDADSANMARTINDEPORRES,86,95,"('CENTRALMICHIGANUNIVERSITY', 90)","('GOAUNIVERSITY', 83)",CENTRALMICHIGANUNIVERSITYCOLLEGEOFMEDICINE,90,97,"('UNIVERSITYSCHOOL', 90)","('UNIVERSITYSCHOOL', 90)",TUFTSUNIVERSITYSCHOOLOFMEDICINE,90,13,"('UNIVERSITYSCHOOL', 90)","('UNIVERSITYSCHOOL', 90)",EULJIUNIVERSITYSCHOOLOFMEDICINE,90
98,"('SEATTLEPACIFICUNIVERSITY', 86)","('PACE', 68)",SEATTLEPACIFICUNIV,86,97,"('UNIVERSITYSCHOOL', 90)","('UNIVERSITYSCHOOL', 90)",TUFTSUNIVERSITYSCHOOLOFMEDICINE,90,38,"('UNIVERSITYOFEASTANGLIA', 90)","('UNIVERSITYOFPECS', 79)",UNIVERSITYOFEASTANGLIAFACULTYOFMEDICINE,90,52,"('UNIVERSITYOFLIMERICK', 90)","('UNIVERSITYOFLIMA', 85)",UNIVERSITYOFLIMERICKMEDICALSCHOOL,90
86,"('BJMEDICALCOLLEGE', 86)","('DHAKAMEDICALCOLLEGE', 84)",DUBAIMEDICALCOLLEGE,86,94,"('UNIVERSITYSCHOOL', 90)","('UNIVERSITYSCHOOL', 90)",LEBANESEAMERICANUNIVERSITYSCHOOLOFMEDICINE,90,0,"('UNIVERSITYOFKARACHI', 90)","('LEEUNIVERSITY', 83)",BAQAIMEDICALCOLLEGEEGEUNIVERSITYOFKARACHI,90,80,"('UNIVERSITYSCHOOL', 90)","('UNIVERSITYSCHOOL', 90)",TUFTSUNIVERSITYSCHOOLOFMEDICINE,90
67,"('SIENACOLLEGE', 86)","('LOUISIANACOLLEGE', 80)",SIENACOLL,86,88,"('CHARLESUNIVERSITY', 90)","('LEEUNIVERSITY', 83)",THIRDFACULTYOFMEDICINECHARLESUNIVERSITY,90,19,"('UNIVERSITYSCHOOL', 90)","('UNIVERSITYSCHOOL', 90)",RYUKYUSUNIVERSITYSCHOOLOFMEDICINE,90,9,"('UNIVERSITYSCHOOL', 90)","('UNIVERSITYSCHOOL', 90)",CHUNGNAMNATIONALUNIVERSITYSCHOOLOFMEDSOUTHKOREA,90
83,"('IOWASTATEUNIV', 85)","('PENNSYLVANIASTATEUNIVERSITY', 83)",ABIASTATEUNIV,85,19,"('UNIVERSITYSCHOOL', 90)","('UNIVERSITYSCHOOL', 90)",RYUKYUSUNIVERSITYSCHOOLOFMEDICINE,90,85,"('UNIVERSITYSCHOOL', 90)","('UNIVERSITYSCHOOL', 90)",AKDENIZUNIVERSITYSCHOOLOFMEDICINE,90,40,"('NATIONALCHENGKUNGUNIVERSITY', 90)","('KINGUNIVERSITY', 84)",NATIONALCHENGKUNGUNIVERSITYCOLLEGEOFMEDICINE,90
5,"('KINGABDULAZIZUNIVERSITY', 85)","('KINGABDULAZIZUNIVERSITY', 85)",KINGABDULAZIZUNIV,85,96,"('NANJINGTECHUNIVERSITY', 90)","('PASCOHERNANDOCMTYCOLL', 90)",nan,90,88,"('CHARLESUNIVERSITY', 90)","('LEEUNIVERSITY', 83)",THIRDFACULTYOFMEDICINECHARLESUNIVERSITY,90,54,"('RIVERSIDECOMMUNITYCOLLEGE', 89)","('RIVERSIDECITYCOLLEGE', 85)",RIVERSIDECOMMCOLLEGE,89
46,"('UNIVERSIDADDELVALLE', 84)","('UNIVERSIDADPRIVADABOLIVIANA', 79)",UNIVERSIDADPRIVADADELVALLE,84,87,"('KINGUNIVERSITY', 90)","('PEKINGUNIVERSITY', 90)",PEKINGUNIVERSITYHEALTHSCIENCECTR,90,94,"('UNIVERSITYSCHOOL', 90)","('UNIVERSITYSCHOOL', 90)",LEBANESEAMERICANUNIVERSITYSCHOOLOFMEDICINE,90,56,"('POZNANUNIVOFMEDCALSCIENCES', 88)","('DOANEUNIVERSITY', 78)",POZNANUNIVERSITYOFMEDICALSCIENCES,88
64,"('UNIVERSITYOFGREATFALLS', 84)","('REAL', 68)",UNIVOFGREATFALLS,84,10,"('UNIVERSITYSCHOOL', 90)","('UNIVERSITYSCHOOL', 90)",CHUNGNAMNATIONALUNIVERSITYSCHOOLOFMEDSOUTHKOREA,90,87,"('KINGUNIVERSITY', 90)","('PEKINGUNIVERSITY', 90)",PEKINGUNIVERSITYHEALTHSCIENCECTR,90,0,"('LASALLEUNIVERSITY', 88)","('AVILAUNIVERSITY', 87)",LAVALUNIVERSITY,88
90,"('MURRAYSTATEUNIVERSITY', 83)","('ASTAR', 72)",MURRAYSTATEUNIV,83,85,"('UNIVERSITYSCHOOL', 90)","('UNIVERSITYSCHOOL', 90)",AKDENIZUNIVERSITYSCHOOLOFMEDICINE,90,95,"('CENTRALMICHIGANUNIVERSITY', 90)","('GOAUNIVERSITY', 83)",CENTRALMICHIGANUNIVERSITYCOLLEGEOFMEDICINE,90,75,"('KWAMENKRUMAHUNIVERSITYOFSCIENCEANDTECHNOLOGY', 88)","('OREGONGRADINSTSCI&TECH', 86)",KWAMENKRUMAHUNIVERSITYOFSCIENCE&TECH,88
60,"('BOSTONUNIVSCHOOLOFMEDICINE', 83)","('JIKEIUNIVSCHOOLOFMEDICINE', 81)",DANKOOKUNIVSCHOOLOFMEDICINE,83,17,"('UNIVERSITYSCHOOL', 90)","('UNIVERSITYSCHOOL', 90)",EULJIUNIVERSITYSCHOOLOFMEDICINE,90,10,"('UNIVERSITYSCHOOL', 90)","('UNIVERSITYSCHOOL', 90)",CHUNGNAMNATIONALUNIVERSITYSCHOOLOFMEDSOUTHKOREA,90,8,"('HARVARDGRADUATESCHOOLDESIGN', 88)","('ISCHOOL', 77)",HARVARDGRADSCHOOLOFDESIGN,88
24,"('UCLAMEDICALSCHOOL', 82)","('MAYOMEDICALSCHOOL', 82)",SAGAMEDICALSCHOOL,82,76,"('SKIDMORECOLLEGE', 89)","('KILGORECOLLEGE', 69)",SKIDMORECOLL,89,17,"('UNIVERSITYSCHOOL', 90)","('UNIVERSITYSCHOOL', 90)",EULJIUNIVERSITYSCHOOLOFMEDICINE,90,27,"('UNIVDESANMARTINDEPORRES', 86)","('UNIVERSIDADDESANANDRES', 80)",UNIVERSIDADSANMARTINDEPORRES,86
31,"('VISTASCHOOL', 82)","('VISTASCHOOL', 82)",SANJUANBAUTISTASCHOOLOFMEDICINE,82,82,"('NEPALMEDICALCOLLEGE', 88)","('TERNAMEDICALCOLLEGE', 83)",YENEPOYAMEDICALCOLLEGE,88,96,"('NANJINGTECHUNIVERSITY', 90)","('PASCOHERNANDOCMTYCOLL', 90)",nan,90,60,"('UNIVERSITYOFMEDICINE2', 86)","('INHAUNIVERSITY', 80)",UNIVERSITYOFMEDICINE&SURGERYMESSINA,86
3,"('SANTACLARAUNIVERSITY', 82)","('SANTACLARITAVALLEYCHARTER', 71)",SANTACLARAUNIV,82,9,"('HARVARDGRADUATESCHOOLDESIGN', 88)","('ISCHOOL', 77)",HARVARDGRADSCHOOLOFDESIGN,88,68,"('RIVERSIDECOMMUNITYCOLLEGE', 89)","('RIVERSIDECITYCOLLEGE', 85)",RIVERSIDECOMMCOLLEGE,89,49,"('UNIVERSITYOFKENT', 85)","('UNIVERSITYOFFLORIDA', 84)",UNIVERSITYOFCENTRALFLORIDA,85
28,"('BELARUSIANSTATEUNIV', 82)","('TEXASCHRISTIANUNIV', 67)",BELARUSSIANUNIV,82,37,"('GOAMEDICALCOLLEGE', 88)","('DOWMEDICALCOLLEGE', 88)",WAHMEDICALCOLLEGE,88,92,"('KWAMENKRUMAHUNIVERSITYOFSCIENCEANDTECHNOLOGY', 88)","('OREGONGRADINSTSCI&TECH', 86)",KWAMENKRUMAHUNIVERSITYOFSCIENCE&TECH,88,5,"('UNIVERSITYOFLYON', 85)","('UNIVERSITYOFLODZ', 85)",GUYSHOSPITALUNIVERSITYOFLONDON,85
68,"('RIVERSIDECOMMUNITYCOLLEGE', 81)","('RIVERSIDESCHOOL', 81)",RIVERSIDECOMMCOLL,81,70,"('POZNANUNIVOFMEDCALSCIENCES', 88)","('DOANEUNIVERSITY', 78)",POZNANUNIVERSITYOFMEDICALSCIENCES,88,70,"('POZNANUNIVOFMEDCALSCIENCES', 88)","('DOANEUNIVERSITY', 78)",POZNANUNIVERSITYOFMEDICALSCIENCES,88,59,"('AL-QUDSUNIVERSITY', 85)","('LUNDSUNIVERSITY', 84)",ALQUDSUNIVERSITYMEDICALSCHOOL,85
58,"('FEDERALUNIVRIOGRANDENORTE', 81)","('FEDERALUNIVOFRIODEJANEIRO', 77)",FEDERALUNIVOFRIOGRANDEDOSUL,81,92,"('KWAMENKRUMAHUNIVERSITYOFSCIENCEANDTECHNOLOGY', 88)","('OREGONGRADINSTSCI&TECH', 86)",KWAMENKRUMAHUNIVERSITYOFSCIENCE&TECH,88,1,"('LASALLEUNIVERSITY', 88)","('AVILAUNIVERSITY', 87)",LAVALUNIVERSITY,88,38,"('ELONUNIVERSITY', 84)","('LYNNUNIVERSITY', 84)",FACULTEDEMEDECINELYONUNIVERSITYCLAUDEBERNARD,84
99,"('STHRNCALIFORNIAUNIVHLTHSCI', 81)","('CALIFORNIAUNIVOFPA', 80)",SOUTHERNCALIFORNIAUNIVOFHEALTHSCIENCES,81,72,"('SIMMONSCOLLEGE', 88)","('SIMMONSHIGHSCHOOL', 71)",SIMMONSCOLL,88,9,"('HARVARDGRADUATESCHOOLDESIGN', 88)","('ISCHOOL', 77)",HARVARDGRADSCHOOLOFDESIGN,88,35,"('UNIVERSIDADDELVALLE', 84)","('UNIVERSIDADPRIVADABOLIVIANA', 79)",UNIVERSIDADPRIVADADELVALLE,84
19,"('JIKEIUNIVSCHOOLOFMEDICINE', 81)","('TUFTSUNIVSCHLOFMEDICINE', 80)",RYUKYUSUNIVSCHOOLOFMEDICINE,81,1,"('LASALLEUNIVERSITY', 88)","('AVILAUNIVERSITY', 87)",LAVALUNIVERSITY,88,74,"('UNIVERSITYOFMEDICINE2', 86)","('INHAUNIVERSITY', 80)",UNIVERSITYOFMEDICINE&SURGERYMESSINA,86,66,"('UNIVERSITYOFJOS', 84)","('UNIVERSITYOFPORTO', 79)",TOUROUNIVERSITYOFOSTEOPATHICMEDICINE-NY,84
25,"('UNIVERSITYOFCOLOGNE', 81)","('UNIVOFTECHNOLOGYSYDNEY', 74)",UNIVOFCOLOGNE,81,67,"('SIENACOLLEGE', 86)","('LOUISIANACOLLEGE', 80)",SIENACOLL,86,35,"('UNIVDESANMARTINDEPORRES', 86)","('UNIVERSIDADDESANANDRES', 80)",UNIVERSIDADSANMARTINDEPORRES,86,30,"('KAZANSTATEMEDICALUNIVERSITY', 84)","('CRIMEASTATEMEDICALUNIVERSIT', 84)",ODESSASTATEMEDICALUNIVERSITY,84
34,"('BSNMEDICAL', 81)","('INSTITUTOEAU', 77)",MANBA-DATSANMEDICALINSTITUTE,81,74,"('UNIVERSITYOFMEDICINE2', 86)","('INHAUNIVERSITY', 80)",UNIVERSITYOFMEDICINE&SURGERYMESSINA,86,6,"('UNIVERSITYOFLYON', 85)","('UNIVERSITYOFLODZ', 85)",GUYSHOSPITALUNIVERSITYOFLONDON,85,22,"('BELLARMINEUNIVERSITY', 83)","('MARIANUNIVERSITY', 81)",BELARUSSIANUNIVERSITY,83
51,"('UPCOLLEGEOFMEDICINE', 80)","('UNIONCOLLEGE', 75)",NATIONALCHENGKUNGUNIVCOLLEGEOFMEDICINE,80,35,"('UNIVDESANMARTINDEPORRES', 86)","('UNIVERSIDADDESANANDRES', 80)",UNIVERSIDADSANMARTINDEPORRES,86,62,"('UNIVERSITYOFKENT', 85)","('UNIVERSITYOFFLORIDA', 84)",UNIVERSITYOFCENTRALFLORIDA,85,14,"('DQUNIVERSITY', 83)","('ACADIAUNIVERSITY', 79)",DECCANMEDICALCOLLVIJAYAWADAUNIVERSITY,83
39,"('SARATOVSTATEMEDICALUNIV', 80)","('YEREVANSTATEMEDICALUNIV', 80)",ODESSASTATEMEDICALUNIV,80,86,"('BJMEDICALCOLLEGE', 86)","('DHAKAMEDICALCOLLEGE', 84)",DUBAIMEDICALCOLLEGE,86,73,"('AL-QUDSUNIVERSITY', 85)","('LUNDSUNIVERSITY', 84)",ALQUDSUNIVERSITYMEDICALSCHOOL,85,12,"('SHANGHAIUNIVERSITY', 83)","('AIRUNIVERSITY', 83)",SHENYANGPHARMUNIVERSITY,83
95,"('UPCOLLEGEOFMEDICINE', 80)","('UNIONCOLLEGE', 75)",CENTRALMICHIGANUNIVCOLLEGEOFMEDICINE,80,73,"('AL-QUDSUNIVERSITY', 85)","('LUNDSUNIVERSITY', 84)",ALQUDSUNIVERSITYMEDICALSCHOOL,85,81,"('UNIVERSITYOFJOS', 84)","('UNIVERSITYOFPORTO', 79)",TOUROUNIVERSITYOFOSTEOPATHICMEDICINE-NY,84,55,"('DQUNIVERSITY', 83)","('RIKKYOUNIVERSITY', 80)",DOKKYOMEDUNIVERSITY,83
94,"('KUSCHOOLOFMEDICINE', 80)","('GISCHOOL', 79)",LEBANESEAMERICANUNIVSCHOOLOFMEDICINE,80,62,"('UNIVERSITYOFKENT', 85)","('UNIVERSITYOFFLORIDA', 84)",UNIVERSITYOFCENTRALFLORIDA,85,49,"('ELONUNIVERSITY', 84)","('LYNNUNIVERSITY', 84)",FACULTEDEMEDECINELYONUNIVERSITYCLAUDEBERNARD,84,3,"('TEDUNIVERSITY', 83)","('UNIVERSITYOFYORK', 80)",STATEUNIVERSITYOFNEWYORK,83
93,"('PONCESCHOOLOFMEDICINE', 80)","('ISCHOOL', 77)",FHNETTERSCHOOLOFMEDICINE,80,6,"('UNIVERSITYOFLYON', 85)","('UNIVERSITYOFLODZ', 85)",GUYSHOSPITALUNIVERSITYOFLONDON,85,46,"('UNIVERSIDADDELVALLE', 84)","('UNIVERSIDADPRIVADABOLIVIANA', 79)",UNIVERSIDADPRIVADADELVALLE,84,82,"('NATIONALUNIVERSITYOFHEALTHSCIENCES', 82)","('UNIVERSITYOFTHEARTS', 80)",SOUTHERNCALIFORNIAUNIVERSITYOFHEALTHSCIENCES,82
78,"('KUSCHOOLOFMEDICINE', 80)","('AMERICANUNIVOFTHECARIBBEANSCHOOLOFMEDICINE', 78)",UNIVOFCARABOBASCHOOLOFMEDICINE,80,49,"('ELONUNIVERSITY', 84)","('LYNNUNIVERSITY', 84)",FACULTEDEMEDECINELYONUNIVERSITYCLAUDEBERNARD,84,39,"('KAZANSTATEMEDICALUNIVERSITY', 84)","('CRIMEASTATEMEDICALUNIVERSIT', 84)",ODESSASTATEMEDICALUNIVERSITY,84,24,"('VISTASCHOOL', 82)","('VISTASCHOOL', 82)",SANJUANBAUTISTASCHOOLOFMEDICINE,82
27,"('GRANTMEDICALCOLLEGE', 80)","('BJMEDICALCOLLEGE', 79)",RNTMEDICALCOLLEGERAJASTHANUNIV,80,46,"('UNIVERSIDADDELVALLE', 84)","('UNIVERSIDADPRIVADABOLIVIANA', 79)",UNIVERSIDADPRIVADADELVALLE,84,4,"('TEDUNIVERSITY', 83)","('UNIVERSITYOFYORK', 80)",STATEUNIVERSITYOFNEWYORK,83,6,"('OREGONHEALTHANDSCIENCEUNIV', 82)","('TRINEUNIVERSITY', 78)",OREGONHEALTH&SCIENCEUNIVERSITY,82
33,"('UNIVERSITYOFLIBERIA', 80)","('UNIVERSITYOFBERNE', 79)",UNIVERSITYOFIBEROAMERICAFACULTYOFMEDICINE,80,81,"('UNIVERSITYOFJOS', 84)","('UNIVERSITYOFPORTO', 79)",TOUROUNIVERSITYOFOSTEOPATHICMEDICINE-NY,84,69,"('DQUNIVERSITY', 83)","('RIKKYOUNIVERSITY', 80)",DOKKYOMEDUNIVERSITY,83,16,"('OMANMEDICALCOLLEGE', 82)","('OSMANIAMEDICALCOLLEGE', 81)",TIANJINMEDICALCOLLEGE,82
30,"('KUSCHOOLOFMEDICINE', 80)","('GISCHOOL', 79)",ALBERT-SZENT-GYORGYSCHOOLOFMEDICINE,80,39,"('KAZANSTATEMEDICALUNIVERSITY', 84)","('CRIMEASTATEMEDICALUNIVERSIT', 84)",ODESSASTATEMEDICALUNIVERSITY,84,28,"('BELLARMINEUNIVERSITY', 83)","('MARIANUNIVERSITY', 81)",BELARUSSIANUNIVERSITY,83,18,"('UCLAMEDICALSCHOOL', 82)","('MAYOMEDICALSCHOOL', 82)",SAGAMEDICALSCHOOL,82
22,"('MEDICALCOLLEGEOHIO', 79)","('BJMEDICALCOLLEGE', 79)",VARDHMANMAHAVIRMEDICALCOLLEGE,79,18,"('DQUNIVERSITY', 83)","('ACADIAUNIVERSITY', 79)",DECCANMEDICALCOLLVIJAYAWADAUNIVERSITY,83,86,"('DUBAIMEDICALCOLLEGEFORGIRL', 83)","('BJMEDICALCOLLEGE', 79)",DUBAIMEDICALCOLLEGEEGE,83,26,"('BSNMEDICAL', 81)","('INSTITUTOEAU', 77)",MANBA-DATSANMEDICALINSTITUTE,81
10,"('GISCHOOL', 79)","('ISCHOOL', 77)",CHUNGNAMNATIONALUNIVSCHOOLOFMEDSOUTHKOREA,79,16,"('SHANGHAIUNIVERSITY', 83)","('AIRUNIVERSITY', 83)",SHENYANGPHARMUNIVERSITY,83,18,"('DQUNIVERSITY', 83)","('ACADIAUNIVERSITY', 79)",DECCANMEDICALCOLLVIJAYAWADAUNIVERSITY,83,23,"('KUSCHOOLOFMEDICINE', 80)","('GISCHOOL', 79)",ALBERT-SZENT-GYORGYSCHOOLOFMEDICINE,80
36,"('CHANGGUNGUNICOLLOFMEDICIN', 79)","('UPCOLLEGEOFMEDICINE', 77)",HANYANGUNIVCOLLEGEOFMEDICINE,79,28,"('BELLARMINEUNIVERSITY', 83)","('MARIANUNIVERSITY', 81)",BELARUSSIANUNIVERSITY,83,32,"('BJMEDICALCOLLEGE', 83)","('NRSMEDICALCOLLEGE', 81)",JSSMEDICALCOLLEGEEGE,83,64,"('KUSCHOOLOFMEDICINE', 80)","('UNIVERSITYOFGRAZ', 79)",UNIVERSITYOFCARABOBASCHOOLOFMEDICINE,80
43,"('GOAMEDICALCOLLEGE', 79)","('BJMEDICALCOLLEGE', 79)",CUSHAHMEDICALCOLLEGESAURASHITRAMEDCTR,79,4,"('TEDUNIVERSITY', 83)","('UNIVERSITYOFYORK', 80)",STATEUNIVERSITYOFNEWYORK,83,16,"('SHANGHAIUNIVERSITY', 83)","('AIRUNIVERSITY', 83)",SHENYANGPHARMUNIVERSITY,83,76,"('PONCESCHOOLOFMEDICINE', 80)","('ISCHOOL', 77)",FHNETTERSCHOOLOFMEDICINE,80
79,"('NEPALMEDICALCOLLEGE', 79)","('REEDCOLLEGE', 74)",NEPALGUNJMEDCOLLEGE,79,69,"('DQUNIVERSITY', 83)","('RIKKYOUNIVERSITY', 80)",DOKKYOMEDUNIVERSITY,83,82,"('NEPALMEDICALCOLLEGE', 82)","('BJMEDICALCOLLEGE', 79)",YENEPOYAMEDICALCOLLEGEEGE,82,21,"('GRANTMEDICALCOLLEGE', 80)","('ASHLANDUNIVERSITY', 79)",RNTMEDICALCOLLEGERAJASTHANUNIVERSITY,80
57,"('GISCHOOL', 79)","('SHANGHAIJIAOTONGUMED', 78)",SHANGHAIJIAOTONGUNIVSCHOOLOFMED,79,99,"('NATIONALUNIVERSITYOFHEALTHSCIENCES', 82)","('UNIVERSITYOFTHEARTS', 80)",SOUTHERNCALIFORNIAUNIVERSITYOFHEALTHSCIENCES,82,99,"('NATIONALUNIVERSITYOFHEALTHSCIENCES', 82)","('UNIVERSITYOFTHEARTS', 80)",SOUTHERNCALIFORNIAUNIVERSITYOFHEALTHSCIENCES,82,31,"('KASTURBAMEDICALCOLLEGE', 80)","('LADYHARDINGEMEDICALCOLLEGE', 78)",KAOSHIUNGMEDICALCOLLEGE,80
48,"('KRISHNAINSTITUTEOFMEDSCI', 79)","('BERMUDAINSTOFOCEANSCIENCES', 68)",KRISHNAINSTOFMEDSCIENCES,79,7,"('OREGONHEALTHANDSCIENCEUNIV', 82)","('TRINEUNIVERSITY', 78)",OREGONHEALTH&SCIENCEUNIVERSITY,82,24,"('UCLAMEDICALSCHOOL', 82)","('MAYOMEDICALSCHOOL', 82)",SAGAMEDICALSCHOOL,82,25,"('UNIVERSITYOFLIBERIA', 80)","('UNIVERSITYOFBERNE', 79)",UNIVERSITYOFIBEROAMERICAFACULTYOFMEDICINE,80
52,"('BJMEDICALCOLLEGE', 79)","('MGMMEDICALCOLLEGE', 79)",SRMMEDICALCOLLEGEANDRESEARCHCENTRE,79,24,"('UCLAMEDICALSCHOOL', 82)","('MAYOMEDICALSCHOOL', 82)",SAGAMEDICALSCHOOL,82,7,"('OREGONHEALTHANDSCIENCEUNIV', 82)","('TRINEUNIVERSITY', 78)",OREGONHEALTH&SCIENCEUNIVERSITY,82,20,"('GOAMEDICALCOLLEGE', 79)","('BJMEDICALCOLLEGE', 79)",QUAID-E-AZAMMEDICALCOLLEGE,79
50,"('NATIONALAMERICANSCHOOL', 78)","('ISCHOOL', 77)",NATIONALMEDICALSCHOOLOFMALI,78,31,"('VISTASCHOOL', 82)","('VISTASCHOOL', 82)",SANJUANBAUTISTASCHOOLOFMEDICINE,82,31,"('VISTASCHOOL', 82)","('VISTASCHOOL', 82)",SANJUANBAUTISTASCHOOLOFMEDICINE,82,74,"('CLEARYUNIVERSITY', 79)","('BARRYUNIVERSITY', 78)",WILLIAMCAREYUNIVERSITYCOLLOFOSTEOPATHICMEDICINE,79
66,"('ISCHOOL', 77)","('ISCHOOL', 77)",UNIVOFLIMERICKMEDICALSCHOOL,77,68,"('RIVERSIDECOMMUNITYCOLLEGE', 81)","('RIVERSIDESCHOOL', 81)",RIVERSIDECOMMCOLL,81,21,"('OMANMEDICALCOLLEGE', 82)","('OSMANIAMEDICALCOLLEGE', 81)",TIANJINMEDICALCOLLEGE,82,57,"('UNIVERSITYOFLIEGE', 79)","('UNIVERSITYOFJOS', 78)",UNIVERSITYOFSZEGEDFACULTYOFMEDICINE,79
14,"('ISCHOOL', 77)","('ISCHOOL', 77)",PENINSULAMEDSCHOOL-UOFEXETER,77,34,"('BSNMEDICAL', 81)","('INSTITUTOEAU', 77)",MANBA-DATSANMEDICALINSTITUTE,81,34,"('BSNMEDICAL', 81)","('INSTITUTOEAU', 77)",MANBA-DATSANMEDICALINSTITUTE,81,34,"('GOAMEDICALCOLLEGE', 79)","('BJMEDICALCOLLEGE', 79)",RAJAHMUTHIAHMEDICALCOLLEGE,79
73,"('ISCHOOL', 77)","('ISCHOOL', 77)",ALQUDSUNIVMEDICALSCHOOL,77,78,"('KUSCHOOLOFMEDICINE', 80)","('UNIVERSITYOFGRAZ', 79)",UNIVERSITYOFCARABOBASCHOOLOFMEDICINE,80,37,"('GOAMEDICALCOLLEGE', 81)","('DOWMEDICALCOLLEGE', 81)",WAHMEDICALCOLLEGEEGE,81,65,"('UNIVERSITYOFMARY', 79)","('UNIVERSITYOFBATH', 79)",UNIVERSITYOFBARIFACULTYOFMEDICINE,79
20,"('UPCOLLEGEOFMEDICINE', 77)","('SHIFACOLLEGEOFMEDICINE', 76)",BASKENTUNIVCOLLEGEOFMEDICINE,77,93,"('PONCESCHOOLOFMEDICINE', 80)","('ISCHOOL', 77)",FHNETTERSCHOOLOFMEDICINE,80,93,"('PONCESCHOOLOFMEDICINE', 80)","('ISCHOOL', 77)",FHNETTERSCHOOLOFMEDICINE,80,37,"('KRISHNAINSTITUTEOFMEDSCI', 79)","('BERMUDAINSTOFOCEANSCIENCES', 68)",KRISHNAINSTOFMEDSCIENCES,79
4,"('OHIOSTATEUNIVNEWARK', 76)","('SCANNEWYORK', 69)",STATEUNIVOFNEWYORK,76,27,"('GRANTMEDICALCOLLEGE', 80)","('ASHLANDUNIVERSITY', 79)",RNTMEDICALCOLLEGERAJASTHANUNIVERSITY,80,27,"('GRANTMEDICALCOLLEGE', 80)","('ASHLANDUNIVERSITY', 79)",RNTMEDICALCOLLEGERAJASTHANUNIVERSITY,80,46,"('DEPAULUNIVERSITY', 79)","('UNIVERSITYOFIOWA', 79)",FEDERALUNIVERSITYOFRIOGRANDEDOSUL,79
80,"('UNIVIBADANCOLLOFMEDICINE', 75)","('UNIVERSITYOFMEDICINE2', 75)",UNIVOFBARIFACULTYOFMEDICINE,75,30,"('KUSCHOOLOFMEDICINE', 80)","('GISCHOOL', 79)",ALBERT-SZENT-GYORGYSCHOOLOFMEDICINE,80,30,"('KUSCHOOLOFMEDICINE', 80)","('GISCHOOL', 79)",ALBERT-SZENT-GYORGYSCHOOLOFMEDICINE,80,33,"('CAIROUNIVERSITY', 78)","('POSTUNIVERSITY', 77)",SRINAKHARINWIROTUNIVERSITY,78
53,"('ESCOLABAHIANADEMEDSALUD', 75)","('COLLBAHAMAS', 66)",ESCOLABAHIANADEMEDICINAESAUDEPUBLICA,75,33,"('UNIVERSITYOFLIBERIA', 80)","('UNIVERSITYOFBERNE', 79)",UNIVERSITYOFIBEROAMERICAFACULTYOFMEDICINE,80,40,"('KASTURBAMEDICALCOLLEGE', 80)","('LADYHARDINGEMEDICALCOLLEGE', 78)",KAOSHIUNGMEDICALCOLLEGE,80,39,"('NATIONALAMERICANSCHOOL', 78)","('ISCHOOL', 77)",NATIONALMEDICALSCHOOLOFMALI,78
91,"('COLLWOOSTER', 74)","('MGHMEDICINE', 74)",WILLIAMCAREYUNIVCOLLOFOSTEOPATHICMEDICINE,74,79,"('NEPALMEDICALCOLLEGE', 79)","('REEDCOLLEGE', 74)",NEPALGUNJMEDCOLLEGE,79,33,"('UNIVERSITYOFLIBERIA', 80)","('UNIVERSITYOFBERNE', 79)",UNIVERSITYOFIBEROAMERICAFACULTYOFMEDICINE,80,11,"('ISCHOOL', 77)","('ISCHOOL', 77)",PENINSULAMEDSCHOOL-UOFEXETER,77
15,"('ALMACOLLEGE', 74)","('BARDCOLLEGE', 74)",SHARMAMEDCOLLEGEMAHARISHIDAYANANDU,74,80,"('UNIVERSITYOFMARY', 79)","('UNIVERSITYOFBATH', 79)",UNIVERSITYOFBARIFACULTYOFMEDICINE,79,78,"('KUSCHOOLOFMEDICINE', 80)","('UNIVERSITYOFGRAZ', 79)",UNIVERSITYOFCARABOBASCHOOLOFMEDICINE,80,47,"('GASTONCOLLEGE', 76)","('BACONECOLLEGE', 76)",SHELDONJACKSONCOLLEGE,76
40,"('KAOHSIUNGAMERICANSCHOOL', 74)","('KOCHIMEDICALSCHOOL', 74)",KAOSHIUNGMEDICALCOLL,74,71,"('UNIVERSITYOFLIEGE', 79)","('UNIVERSITYOFJOS', 78)",UNIVERSITYOFSZEGEDFACULTYOFMEDICINE,79,91,"('CLEARYUNIVERSITY', 79)","('BARRYUNIVERSITY', 78)",WILLIAMCAREYUNIVERSITYCOLLOFOSTEOPATHICMEDICINE,79,72,"('DQUNIVERSITY', 75)","('UNIVERSITYOFOVIEDO', 70)",UNIVERSITYOVIDIUSCONSTANTAFACOFMEDICINE,75
81,"('MGHMEDICINE', 74)","('WVIRGSCHOFOSTEOPATHICMEDIC', 64)",TOUROUNIVOFOSTEOPATHICMEDICINE-NY,74,58,"('DEPAULUNIVERSITY', 79)","('UNIVERSITYOFIOWA', 79)",FEDERALUNIVERSITYOFRIOGRANDEDOSUL,79,43,"('GOAMEDICALCOLLEGE', 79)","('BJMEDICALCOLLEGE', 79)",CUSHAHMEDICALCOLLEGEEGESAURASHITRAMEDCTR,79,41,"('ESCOLABAHIANADEMEDSALUD', 75)","('COLLBAHAMAS', 66)",ESCOLABAHIANADEMEDICINAESAUDEPUBLICA,75
21,"('NATIONALYANGMINGMEDICALCOL', 73)","('BSNMEDICAL', 72)",TIANJINMEDICALCOLL,73,43,"('GOAMEDICALCOLLEGE', 79)","('BJMEDICALCOLLEGE', 79)",CUSHAHMEDICALCOLLEGESAURASHITRAMEDCTR,79,44,"('GOAMEDICALCOLLEGE', 79)","('BJMEDICALCOLLEGE', 79)",RAJAHMUTHIAHMEDICALCOLLEGE,79,,,,,
18,"('BSNMEDICAL', 72)","('CCSMEDICAL', 72)",DECCANMEDICALCOLLVIJAYAWADAUNIV,72,22,"('MEDICALCOLLEGEOHIO', 79)","('BJMEDICALCOLLEGE', 79)",VARDHMANMAHAVIRMEDICALCOLLEGE,79,58,"('DEPAULUNIVERSITY', 79)","('UNIVERSITYOFIOWA', 79)",FEDERALUNIVERSITYOFRIOGRANDEDOSUL,79,,,,,
38,"('ASTAR', 72)","('UNIVERSITYOFMEDICINE2', 70)",UNIVOFEASTANGLIAFACULTYOFMEDICINE,72,91,"('CLEARYUNIVERSITY', 79)","('BARRYUNIVERSITY', 78)",WILLIAMCAREYUNIVERSITYCOLLOFOSTEOPATHICMEDICINE,79,48,"('KRISHNAINSTITUTEOFMEDSCI', 79)","('BERMUDAINSTOFOCEANSCIENCES', 68)",KRISHNAINSTOFMEDSCIENCES,79,,,,,
74,"('UNIVOFMICHIGAN', 71)","('ECSI', 68)",UNIVOFMEDICINE&SURGERYMESSINA,71,48,"('KRISHNAINSTITUTEOFMEDSCI', 79)","('BERMUDAINSTOFOCEANSCIENCES', 68)",KRISHNAINSTOFMEDSCIENCES,79,52,"('BJMEDICALCOLLEGE', 79)","('MGMMEDICALCOLLEGE', 79)",SRMMEDICALCOLLEGEEGEANDRESEARCHCENTRE,79,,,,,
1,"('AVILAUNIVERSITY', 70)","('CLARKATLANTAUNIVERSITY', 70)",LAVALUNIV,70,52,"('BJMEDICALCOLLEGE', 79)","('MGMMEDICALCOLLEGE', 79)",SRMMEDICALCOLLEGEANDRESEARCHCENTRE,79,71,"('UNIVERSITYOFLIEGE', 79)","('UNIVERSITYOFJOS', 78)",UNIVERSITYOFSZEGEDFACULTYOFMEDICINE,79,,,,,
59,"('HELENHUNTJACKSONSCHOOL', 70)","('SHELDONCLARKHIGHSCHOOL', 65)",SHELDONJACKSONCOLL,70,50,"('NATIONALAMERICANSCHOOL', 78)","('ISCHOOL', 77)",NATIONALMEDICALSCHOOLOFMALI,78,26,"('GOAMEDICALCOLLEGE', 79)","('BJMEDICALCOLLEGE', 79)",QUAID-E-AZAMMEDICALCOLLEGE,79,,,,,
56,"('FACE', 68)","('UNIVIBADANCOLLOFMEDICINE', 68)",UNIVOFDAMMAMFACULTYOFMEDICINE,68,42,"('CAIROUNIVERSITY', 78)","('POSTUNIVERSITY', 77)",SRINAKHARINWIROTUNIVERSITY,78,22,"('BJMEDICALCOLLEGE', 79)","('NRSMEDICALCOLLEGE', 79)",VARDHMANMAHAVIRMEDICALCOLLEGEEGE,79,,,,,
88,"('CITYOFMEDICINEACADEMY', 68)","('THIRDMILITARYMEDICALUNIV', 67)",THIRDFACULTYOFMEDICINECHARLESUNIV,68,20,"('UPCOLLEGEOFMEDICINE', 77)","('SHIFACOLLEGEOFMEDICINE', 76)",BASKENTUNIVCOLLEGEOFMEDICINE,77,80,"('UNIVERSITYOFMARY', 79)","('UNIVERSITYOFBATH', 79)",UNIVERSITYOFBARIFACULTYOFMEDICINE,79,,,,,
16,"('MUIR', 68)","('HOCHIMINHCITYMEDICINEANDPHARMACYUNIVERSITY', 64)",SHENYANGPHARMUNIV,68,14,"('ISCHOOL', 77)","('ISCHOOL', 77)",PENINSULAMEDSCHOOL-UOFEXETER,77,50,"('NATIONALAMERICANSCHOOL', 78)","('ISCHOOL', 77)",NATIONALMEDICALSCHOOLOFMALI,78,,,,,
26,"('MICA', 68)","('MAULANAAZADMEDICALCOLLEGE', 67)",QUAID-E-AZAMMEDICALCOLL,68,53,"('ESCOLABAHIANADEMEDSALUD', 75)","('COLLBAHAMAS', 66)",ESCOLABAHIANADEMEDICINAESAUDEPUBLICA,75,42,"('CAIROUNIVERSITY', 78)","('POSTUNIVERSITY', 77)",SRINAKHARINWIROTUNIVERSITY,78,,,,,
44,"('MICA', 68)","('AGAKHANUNIVMEDICALCOLLEGE', 67)",RAJAHMUTHIAHMEDICALCOLL,68,89,"('DQUNIVERSITY', 75)","('UNIVERSITYOFOVIEDO', 70)",UNIVERSITYOVIDIUSCONSTANTAFACOFMEDICINE,75,14,"('ISCHOOL', 77)","('ISCHOOL', 77)",PENINSULAMEDSCHOOL-UOFEXETER,77,,,,,
71,"('FACE', 68)","('UNIVIBADANCOLLOFMEDICINE', 68)",UNIVOFSZEGEDFACULTYOFMEDICINE,68,40,"('KAOHSIUNGAMERICANSCHOOL', 74)","('KOCHIMEDICALSCHOOL', 74)",KAOSHIUNGMEDICALCOLL,74,20,"('UPCOLLEGEOFMEDICINE', 76)","('UNIONCOLLEGE', 75)",BASKENTUNIVCOLLEGEEGEOFMEDICINE,76,,,,,
65,"('FACE', 68)","('RWTHAACHENFACULTYOFMEDICIN', 68)",UMMALQURAUNIVFACULTYOFMEDICINE,68,15,"('ALMACOLLEGE', 74)","('BARDCOLLEGE', 74)",SHARMAMEDCOLLEGEMAHARISHIDAYANANDU,74,59,"('GASTONCOLLEGE', 76)","('BACONECOLLEGE', 76)",SHELDONJACKSONCOLLEGE,76,,,,,
89,"('OSAKAUSCHOFMEDICINE', 67)","('UNIVIBADANCOLLOFMEDICINE', 67)",UNIVOVIDIUSCONSTANTAFACOFMEDICINE,67,21,"('NATIONALYANGMINGMEDICALCOL', 73)","('BSNMEDICAL', 72)",TIANJINMEDICALCOLL,73,89,"('DQUNIVERSITY', 75)","('UNIVERSITYOFOVIEDO', 70)",UNIVERSITYOVIDIUSCONSTANTAFACOFMEDICINE,75,,,,,
69,"('DUKEUNIV', 67)","('HOKKAIDOUNIV', 64)",DOKKYOMEDUNIV,67,59,"('HELENHUNTJACKSONSCHOOL', 70)","('SHELDONCLARKHIGHSCHOOL', 65)",SHELDONJACKSONCOLL,70,53,"('ESCOLABAHIANADEMEDSALUD', 75)","('COLLBAHAMAS', 66)",ESCOLABAHIANADEMEDICINAESAUDEPUBLICA,75,,,,,
42,"('TRINITYUNIV', 66)","('SPRINGARBORUNIV', 63)",SRINAKHARINWIROTUNIV,66,26,"('MICA', 68)","('MAULANAAZADMEDICALCOLLEGE', 67)",QUAID-E-AZAMMEDICALCOLL,68,79,"('REEDCOLLEGE', 74)","('NEPALMEDICALCOLLEGE', 73)",NEPALGUNJMEDCOLLEGEEGE,74,,,,,
49,"('CRUZTED', 64)","('LEEMIKE', 64)",FACULTEDEMEDECINELYONUNIVCLAUDEBERNARD,64,44,"('MICA', 68)","('AGAKHANUNIVMEDICALCOLLEGE', 67)",RAJAHMUTHIAHMEDICALCOLL,68,15,"('ALMACOLLEGE', 74)","('BARDCOLLEGE', 74)",SHARMAMEDCOLLEGEEGEMAHARISHIDAYANANDU,74,,,,,